软件名称,简介,价格,下载链接,教程链接,图标URL
小蜜蜂4.3.1【绿色版】,多平台场控，包括斗，块，蝴蝶，pdd，tb，xhs等,15,https://pan.baidu.com/s/1TCE-nDYu5fFJ0LESoqXi4A?pwd=1111,https://penluxqoxu.feishu.cn/docx/SZXLdEcE7oWr0VxFGyBctl3inFc,https://s21.ax1x.com/2025/06/21/pVZKIjf.jpg
小海豚,保护抖音的软件，代替手动屏蔽不喜欢的人,35,https://mofang8.lanzoue.com/b00g2szeif,https://oao6uyutqv1.feishu.cn/docx/ZaUuda72BoTeqhxTE5ScUz6nnOg?from=from_copylink,https://s21.ax1x.com/2025/06/21/pVZKTu8.jpg
咕噜猫数字人【绿色版】,ai软件数字人软件，音频互动，弹幕等功能,99,https://pan.baidu.com/s/13cS6V7k-toCIx0JhuUhqAw?pwd=1111,,https://s21.ax1x.com/2025/06/05/pVP27Hs.jpg
多玩ai即守,滑块九宫格活体通知功能,25,https://hcnydh4xlnv7.feishu.cn/wiki/CycTwykkViS1oYklIRycPsICn8d?from=from_copylink,https://hcnydh4xlnv7.feishu.cn/wiki/CycTwykkViS1oYklIRycPsICn8d?from=from_copylink,https://s21.ax1x.com/2025/06/04/pVPsUbt.jpg
吉米哥ai音频剪辑,音频切碎工具，ai智能断句，不破句,99,https://pan.baidu.com/s/1_zFpHgirssTGOdNF3DcWjw?pwd=1111 ,,https://s21.ax1x.com/2025/06/05/pVPoJFH.jpg
码叔,码叔ai音频，实时泛化，可实现无话术开播,1120,https://www.yuque.com/guangongqimuma/qryfzk/kprcrco256o3tag2?singleDoc#,https://www.yuque.com/guangongqimuma/qryfzk/kprcrco256o3tag2?singleDoc#,https://s21.ax1x.com/2025/06/22/pVZMk59.jpg
宝子哥慧播,"宝子哥直播软件ai直播工具云端配置：不吃显卡配置，CPU至少要I5 10代以上，运行内存16G以上

本地端配置要求：显卡20系以上，显存8G以上（3050显卡不支持），CPU至少要I5 10代以上，运行内存16G以上

必须英伟达显卡！AMD显卡本机模式无法使用，可以使用云端模式

E5洋垃圾只能发挥显卡的50%性能。
",99,https://pan.baidu.com/s/1zTyoqQ3jpvfugHKF7G7cEA?pwd=6666,https://www.yuque.com/cuantianhou-tcb0w/ihe9zl/wy4589ura5euqcu6?singleDoc,https://s21.ax1x.com/2025/06/04/pVPsNDI.jpg
宝子哥智管,直播智能管家,48,https://wwsl.lanzoul.com/b007tp3zxe ,https://www.yuque.com/yuqueyonghur4z1bd/dsxm84/ua3q1hf737d4pnd4,https://s21.ax1x.com/2025/06/04/pVPstKA.jpg
小云朵,各种平台场控都有,20,https://wwnw.lanzouo.com/b00wm5g9ef,https://www.yuque.com/macs/yyxkxr/kcyocv,https://s21.ax1x.com/2025/06/05/pVP22Nt.jpg
一点通,"1.滑块验证 2.罗盘验证 3.九宫格验证 4.语音验证5.自动上下播 6.违规自动下播 7.活体摄像头验证8.活体二维码发送 9.违规通知 10.滑块验证通知
11.语音验证通知 12.活体验证微信语音通知 13.出现活体电脑声音提醒(本地MP3)",18,https://penluxqoxu.feishu.cn/docx/QlEKdNKSUoakuLxNSkPc6D6LnLd,https://penluxqoxu.feishu.cn/docx/QlEKdNKSUoakuLxNSkPc6D6LnLd,https://s21.ax1x.com/2025/06/22/pVZMrPs.jpg
多财宝,"①安装多财宝包括了淘宝、快手、抖音、视频、小红书、本地生活，合在一起了。)②请使用电脑浏览器打开上面链接。电脑浏览器。请用电脑浏览器谢谢。③卡密可以提前买备着。什么时候激活时候计时，一次性充值进去时间也是累计*【到期续费】*需要购买新卡密，在软件登入页面点充值两个字，填卡充值，时间会累计叠加，可提前充值进去
一台电脑多开，双击软件图标，不同登入账号登入即可，几个同时几个卡密",25,https://wwxz.lanzouu.com/b00zxu73lg,https://www.yuque.com/daxia-bcpb3/sru3ug/rggx3mswr9g77fcp?singleDoc#,https://cdn.nlark.com/yuque/0/2025/jpeg/34366856/1750172766332-6ec5b992-1a48-42c0-b772-8f2a2580f2be.jpeg
播个够标准版,"支持：DY KS SPH
①、电商带货 ②、本地生活团购 ③、纯无游戏 ④、纯无娱乐 ⑤、播剧等。全赛道都在使用!",25,https://pan.baidu.com/s/1Lf8o2ug_MsU6fepgnbSNdA?pwd=kw5j,https://rg8at1kr6n.feishu.cn/docx/VYWedUDSMolSBFxTcF9c1e1NnJu,https://cdn.nlark.com/yuque/0/2025/jpeg/34366856/1748612302615-9a80f0ac-396c-4a2a-999c-3fd930f2ad07.jpeg
播个够专业版,"支持：DY KS SPH
①、电商带货 ②、本地生活团购 ③、纯无游戏 ④、纯无娱乐 ⑤、播剧等。全赛道都在使用!",88,https://pan.baidu.com/s/1sawBqYnxK1mmGf8tYjBZNg?pwd=8888,https://tjuusaz6r2.feishu.cn/docx/OOgDdRfmDoSMsbxS6z8cXj8znmf,https://cdn.nlark.com/yuque/0/2025/jpeg/34366856/1748612302615-9a80f0ac-396c-4a2a-999c-3fd930f2ad07.jpeg
外星人场控助手,（抖音.快手.快手团购.淘宝.视频号）,20,https://www.lanzoub.com/WAIXINGREN,https://www.yuque.com/xierenwei/kb/nyt2r7v99t8febu3,https://cdn.nlark.com/yuque/0/2025/jpeg/34366856/1748608253631-31a4c589-c91b-432b-ad1b-aeb8a478cb93.jpeg
巨星,,,,https://oao6uyutqv1.feishu.cn/docx/IFx0doy05oBlJnxfRMUcUB7jnKf,
六耳猴ai,,,https://hcn4tjifhs1v.feishu.cn/wiki/WQjowSBkpiS5ziksvC9cbgLhnir,https://hcn4tjifhs1v.feishu.cn/wiki/WQjowSBkpiS5ziksvC9cbgLhnir,https://cdn.nlark.com/yuque/0/2025/jpeg/34366856/1748608060978-1539c591-d3f0-421a-8679-9009c1d8c885.jpeg
六耳猴虚拟机,,,https://hcn4tjifhs1v.feishu.cn/wiki/LwhxwjORoiBqb2k4tSUcK6d3nKf,https://hcn4tjifhs1v.feishu.cn/wiki/LwhxwjORoiBqb2k4tSUcK6d3nKf,https://cdn.nlark.com/yuque/0/2025/jpeg/34366856/1748608060978-1539c591-d3f0-421a-8679-9009c1d8c885.jpeg
云顶ai四代,,,https://dcn863vja01z.feishu.cn/wiki/JTqpwahZsinmLgkX4rjcmgwEn7c,https://dcn863vja01z.feishu.cn/wiki/JTqpwahZsinmLgkX4rjcmgwEn7c,https://cdn.nlark.com/yuque/0/2025/jpeg/34366856/1748604081875-f23be1dc-450d-46ed-8785-a2f4b55346b6.jpeg
小鹦鹉碎碎念,,,https://wwug.lanzoup.com/b00ya5wofc,https://tvo04vn5au3.feishu.cn/wiki/RylCwXColiQcPfkD774cFPRMnsg,https://cdn.nlark.com/yuque/0/2025/jpeg/34366856/1749801476604-b7ab4850-8086-4e30-85cc-a69257451991.jpeg
ai音咖,,,https://pan.baidu.com/s/1UiWQuB2AP7-hMuGPtwEOTQ?pwd=5678,https://www.yuque.com/yuqueyonghup5k87d/qhdgge/hxvrr7ui1bfzx0bb?singleDoc#,https://cdn.nlark.com/yuque/0/2024/jpeg/35758043/1718794133177-03d856ab-802b-4555-a59b-c60cc58425de.jpeg
ai自动播deepseek版本,,,http://zb.v8keji.com.cn/app/index,https://dianshangxiaozhu.feishu.cn/wiki/COGZwmBJLi2aezkfIXIcPjJCnug,https://cdn.nlark.com/yuque/0/2025/jpeg/34366856/1749115594461-59c10878-2953-4039-aeb3-f8ad1e900967.jpeg
闪电ai,,,https://pan.baidu.com/s/16D7B3dUUstl1b4N-euWNnA?pwd=mf9c,https://www.yuque.com/tanshuaibutanqian/fypwu1/mg72i8liguog9nf5?singleDoc#,https://cdn.nlark.com/yuque/0/2025/jpeg/34366856/1749127171665-8eed7880-6bb0-411b-887d-63fa74404791.jpeg
守护者【绿色版】,,,"通过网盘分享的文件：守护者保镖OK
链接: https://pan.baidu.com/s/1bfitEZeAXmuNa9N1HMvGHQ?pwd=3mu7 提取码: 3mu7 
--来自百度网盘超级会员v8的分享",https://b23.tv/rslVWBw,https://s21.ax1x.com/2025/06/23/pVe9Ezd.jpg
大圣验证,1.滑块验证2.罗盘验证3.九宫格验证4.语音验证5.自动上下播6.违规自动下播7.活体摄像头验证8.活体二维发送9.违规通知10.滑块验证通知11.语音验证通知12.活体验证微信语音通知13.出现活体电脑声音提醒,25,"https://wwng.lanzoue.com/b00g3dnrxc
",https://oao6uyutqv1.feishu.cn/docx/TpA6dU1W1orL74xN3PSc1tUEnpf,https://s21.ax1x.com/2025/06/23/pVe9mLt.jpg
白鲸ai,"最好，最实用，百人团队实操直播逻辑玩法，更懂直播，助理你起飞。
",,"https://pan.baidu.com/s/1UrcT6v6txingkQ9JM_VhRA?pwd=8888?






",https://alidocs.dingtalk.com/i/nodes/yQod3RxJKMDZQe5BIpjr5x41Wkb4Mw9r?utm_scene=person_space,https://s21.ax1x.com/2025/06/05/pVP2TBj.jpg
抖智灵数字人,,188,"通过网盘分享的文件：抖智灵数字人带价格带教程
链接: https://pan.baidu.com/s/18qGlEkcKzr2RetEMJjDbdw?pwd=1111 提取码: 1111 
--来自百度网盘超级会员v9的分享","通过网盘分享的文件：抖智灵数字人带价格带教程
链接: https://pan.baidu.com/s/18qGlEkcKzr2RetEMJjDbdw?pwd=1111 提取码: 1111 
--来自百度网盘超级会员v9的分享",
大屏复盘专家,"dy大屏修改器复盘利器电脑网页上下载，
解压出来的文件里面有视频教程和注意事项，根据教程使用",60,"
https://wwda.lanzouj.com/b002uc9jed
密码:6666

",视频教程：http://cloud.video.taobao.com/play/u/null/p/1/e/6/t/1/481408317205.mp4,https://s21.ax1x.com/2025/06/05/pVPo3wD.jpg
多玩obs高阶,,60,https://hcnydh4xlnv7.feishu.cn/wiki/BtB5wITnCiTeVWkzIaicU6YLnef,https://hcnydh4xlnv7.feishu.cn/wiki/BtB5wITnCiTeVWkzIaicU6YLnef,https://s21.ax1x.com/2025/06/23/pVe9hFO.jpg
六娃,隐藏进程,,https://wwft.lanzoul.com/b00uz54d1a,https://penluxqoxu.feishu.cn/docx/Kvwhdp1PmoNBKmxZGGUcDfdCnQh,https://cdn.nlark.com/yuque/0/2025/jpeg/34366856/1750133222933-2aecb309-85f6-4f71-a549-7643aa0d9a56.jpeg
魔音霸,,,https://bj17952.apps.aliyunfile.com/disk/s/EPkfqDnwRGL,https://jqzs7d7qbnd.feishu.cn/wiki/DAH0wl8k3iUPtnkdQasc883dnDe,https://s21.ax1x.com/2025/06/23/pVeCplj.jpg
宝子哥智创,,,https://wwsl.lanzoul.com/b007tdbtfg,https://www.yuque.com/yuqueyonghur4z1bd/ebc6ux/hmwu40kqt73970wf,
小火箭-多平台自动发布,不绑定电脑，不限账号数量，支持9个平台多种发布模式单号/多号/可交叉使用。,,,,
多玩ai即影数字人,"现任国内巨头AI大模型团队开发
实时驱动口型动作直播【音画同步】高转化更真实
自定义数字人形象【无限制】支持长视频训练更靠谱
众多玩法 支持全部主流平台-降本增效
支持平台：抖音/快手/视频号/小红书/tiktok/B站/YY/斗鱼/淘宝/拼多多/美团/饿了么/
软件著作权、登记号：2025SR010331",,软件下载： https://pan.baidu.com/s/18-n_ysi9afgD0l0dEPVllg 提取码: 8899,https://hcnydh4xlnv7.feishu.cn/wiki/Gs40wWBzviPpsLkcXPocn1Mwnbd,
消声克,音频处理工具,,https://pan.baidu.com/s/1wKZBvf7JHfJDEDMcnH4d7g?pwd=8888,,https://s21.ax1x.com/2025/06/23/pVeC176.jpg
镐直播,手机开播工具,,https://pan.baidu.com/s/1JW8J0mjr6X0GunghQPafPA?pwd=8888,https://penluxqoxu.feishu.cn/docx/VLWmdzJPCoUWXVxDoUUc2rjdnFg,https://s21.ax1x.com/2025/06/23/pVePigH.jpg
天天直播,,,https://uwcnxd3nfro.feishu.cn/wiki/T6nbwEeCCiiPxNkPDhdcGViHnac,,https://cdn.nlark.com/yuque/0/2025/jpeg/34366856/1748613154896-e70793f1-94e1-4448-9770-f0599555b46a.jpeg
米老鼠-DY直播互动,dy专用,,https://share.feijipan.com/s/jNG7VYfX,https://oao6uyutqv1.feishu.cn/docx/EVp4dTDhKo42RMxVlBncCIyJnRi,https://cdn.nlark.com/yuque/0/2025/jpeg/34366856/1748603555514-c7a894c9-7721-4a91-8bdd-85f03772bc18.jpeg
多秒助手-PDD直播互动,pdd直播互动,,https://pan.baidu.com/s/1qateR_5V1C_IWiqzKi4L2A?pwd=8888,,https://cdn.nlark.com/yuque/0/2025/jpeg/34366856/1748884001616-0e14d5e6-d8fd-4a61-abc9-dedd25849157.jpeg
易淘-TB直播互动,淘宝直播互动,,https://wwk.lanzouv.com/s/yitao,,https://s21.ax1x.com/2025/06/23/pVePsq1.jpg
小帮手-SPH直播互动,,,https://www.yuque.com/shandongfeicheng/mq1ldi/nxxp16xtgsvd56er,https://www.yuque.com/shandongfeicheng/mq1ldi/nxxp16xtgsvd56er,https://s21.ax1x.com/2025/06/24/pVeP6Vx.jpg
多玩虚拟机,,,https://pan.baidu.com/s/1aMEyp480tOv5sqgOv45u6Q密码8899,,https://s21.ax1x.com/2025/06/24/pVeikJU.jpg
快客快手场控,,,https://q7qeaf7aty.feishu.cn/docx/DtZPd20vloeBhGxkc2fcEYxmniG,https://q7qeaf7aty.feishu.cn/docx/DtZPd20vloeBhGxkc2fcEYxmniG,https://s21.ax1x.com/2025/06/24/pVeiAWF.jpg
小蜜蜂正版,可更新版本,18,https://share.feijipan.com/s/P4C6laQ2,https://penluxqoxu.feishu.cn/docx/SZXLdEcE7oWr0VxFGyBctl3inFc,https://s21.ax1x.com/2025/06/21/pVZKIjf.jpg
小绿点【绿色版】,,,"通过网盘分享的文件：旧版小绿点
链接: https://pan.baidu.com/s/1P0NLz983yZfF-93r-EqTxg?pwd=6t7v 提取码: 6t7v 
--来自百度网盘超级会员v5的分享","通过网盘分享的文件：旧版小绿点
链接: https://pan.baidu.com/s/1P0NLz983yZfF-93r-EqTxg?pwd=6t7v 提取码: 6t7v 
--来自百度网盘超级会员v5的分享",
